cos_heading,sin_heading,cos_goal_dir,sin_goal_dir,local_obstacle_density,teammate_distance_norm,target_dx,target_dy
1.0,0.0,0.0,0.0,0.0,0.4,0.0,0.0
1.0,0.0,0.0,0.0,0.0,0.4,1.0,0.0
0.8191520442889918,0.573576436351046,0.0,1.0,0.0,0.5,0.0,0.0
1.0,0.0,1.0,0.0,0.0,0.5,0.0,0.0
0.3420201433256688,0.9396926207859083,0.0,1.0,0.0,0.5,0.0,1.0
0.8191520442889918,0.573576436351046,0.5547001962252291,0.8320502943378437,0.0,0.5,0.0,0.0
6.123233995736766e-17,1.0,0.0,1.0,0.0,0.5099019513592784,0.0,1.0
0.3420201433256688,0.9396926207859083,0.5547001962252291,0.8320502943378437,0.0,0.5099019513592784,0.0,1.0
6.123233995736766e-17,1.0,0.0,1.0,0.0,0.5099019513592784,0.0,1.0
6.123233995736766e-17,1.0,0.6246950475544243,0.7808688094430304,0.0,0.5099019513592784,0.0,1.0
6.123233995736766e-17,1.0,0.19611613513818404,0.9805806756909202,0.0,0.5099019513592784,0.0,1.0
6.123233995736766e-17,1.0,0.6246950475544243,0.7808688094430304,0.0,0.5099019513592784,0.0,0.0
6.123233995736766e-17,1.0,0.24253562503633297,0.9701425001453319,0.0,0.5385164807134504,0.0,1.0
0.573576436351046,0.8191520442889918,0.6246950475544243,0.7808688094430304,0.0,0.5385164807134504,1.0,1.0
6.123233995736766e-17,1.0,0.31622776601683794,0.9486832980505138,0.0,0.6324555320336759,0.0,1.0
0.7071067811865476,0.7071067811865475,0.6,0.8,0.0,0.6324555320336759,1.0,1.0
6.123233995736766e-17,1.0,0.4472135954999579,0.8944271909999159,0.0,0.7280109889280518,0.0,1.0
0.7071067811865476,0.7071067811865475,0.5547001962252291,0.8320502943378437,0.0,0.7280109889280518,0.0,0.0
6.123233995736766e-17,1.0,0.7071067811865475,0.7071067811865475,0.0,0.7615773105863909,0.0,0.0
0.17364817766693041,0.984807753012208,0.5547001962252291,0.8320502943378437,0.0,0.7615773105863909,0.0,1.0
0.573576436351046,0.8191520442889918,0.7071067811865475,0.7071067811865475,0.0,0.7280109889280518,0.0,0.0
6.123233995736766e-17,1.0,0.7071067811865475,0.7071067811865475,0.0,0.7280109889280518,0.0,0.0
0.9396926207859084,0.3420201433256687,0.7071067811865475,0.7071067811865475,0.0,0.7280109889280518,0.0,0.0
-0.5735764363510462,0.8191520442889917,0.7071067811865475,0.7071067811865475,0.0,0.7280109889280518,0.0,0.0
0.573576436351046,0.8191520442889918,-0.1643989873053573,0.9863939238321437,0.0,0.7280109889280518,0.0,0.0
6.123233995736766e-17,1.0,0.7682212795973759,-0.6401843996644799,0.0,0.7280109889280518,0.0,0.0
6.123233995736766e-17,1.0,-0.1643989873053573,0.9863939238321437,0.0,0.7280109889280518,0.0,0.0
0.573576436351046,0.8191520442889918,0.7682212795973759,-0.6401843996644799,0.0,0.7280109889280518,0.0,0.0
-0.5735764363510462,0.8191520442889917,-0.1643989873053573,0.9863939238321437,0.0,0.7280109889280518,-1.0,1.0
0.9396926207859084,0.3420201433256687,0.7682212795973759,-0.6401843996644799,0.0,0.7280109889280518,0.0,0.0
-0.7071067811865475,0.7071067811865476,0.0,1.0,0.0,0.854400374531753,0.0,0.0
0.9659258262890683,-0.2588190451025207,0.7682212795973759,-0.6401843996644799,0.0,0.854400374531753,0.0,0.0
-0.1736481776669303,0.984807753012208,0.0,1.0,0.0,0.854400374531753,0.0,1.0
0.7071067811865474,-0.7071067811865477,0.7682212795973759,-0.6401843996644799,0.0,0.854400374531753,0.0,0.0
6.123233995736766e-17,1.0,0.0,1.0,0.0,0.894427190999916,0.0,0.0
0.7071067811865474,-0.7071067811865477,0.7682212795973759,-0.6401843996644799,0.0,0.894427190999916,1.0,-1.0
6.123233995736766e-17,1.0,0.0,1.0,0.0,1.0,0.0,1.0
0.7071067811865474,-0.7071067811865477,0.7808688094430304,-0.6246950475544243,0.0,1.0,0.0,0.0
6.123233995736766e-17,1.0,0.0,1.0,0.0,1.0,0.0,0.0
0.984807753012208,-0.1736481776669304,0.6246950475544243,0.7808688094430304,0.0,1.0,0.0,0.0
0.573576436351046,0.8191520442889918,0.0,1.0,0.0,1.0,0.0,0.0
0.9063077870366499,0.42261826174069944,0.6246950475544243,0.7808688094430304,0.0,1.0,0.0,0.0
0.9396926207859084,0.3420201433256687,0.0,1.0,0.0,1.0,0.0,0.0
0.5000000000000001,0.8660254037844386,0.6246950475544243,0.7808688094430304,0.0,1.0,0.0,1.0
0.9659258262890683,-0.2588190451025207,0.0,1.0,0.0,1.0,0.0,0.0
6.123233995736766e-17,1.0,0.7071067811865475,0.7071067811865475,0.0,1.0,0.0,0.0
0.6427876096865393,-0.7660444431189781,0.0,1.0,0.0,1.0,0.0,0.0
0.573576436351046,0.8191520442889918,0.7071067811865475,0.7071067811865475,0.0,1.0,1.0,1.0
0.08715574274765789,-0.9961946980917455,0.0,1.0,0.0,1.0,0.0,-1.0
0.7071067811865476,0.7071067811865475,0.7071067811865476,0.7071067811865476,0.0,1.0,1.0,1.0
-1.8369701987210297e-16,-1.0,0.0,1.0,0.0,1.0,0.0,0.0
0.7071067811865476,0.7071067811865475,0.7071067811865475,0.7071067811865475,0.0,1.0,0.0,0.0
-0.5735764363510464,-0.8191520442889916,0.0,1.0,0.0,1.0,0.0,0.0
0.984807753012208,0.17364817766693033,0.7071067811865475,0.7071067811865475,0.0,1.0,0.0,0.0
-0.9396926207859084,-0.34202014332566866,0.0,1.0,0.0,1.0,0.0,0.0
0.90630778703665,-0.4226182617406992,0.7071067811865475,0.7071067811865475,0.0,1.0,0.0,0.0
-0.9659258262890682,0.258819045102521,0.0,1.0,0.0,1.0,0.0,0.0
0.5000000000000001,-0.8660254037844386,0.7071067811865475,0.7071067811865475,0.0,1.0,0.0,0.0
-0.6427876096865394,0.766044443118978,0.0,1.0,0.0,1.0,0.0,0.0
-0.08715574274765825,-0.9961946980917455,0.7071067811865475,0.7071067811865475,0.0,1.0,-2.0,-3.0
-0.08715574274765824,0.9961946980917455,0.0,1.0,0.0,1.0,0.0,1.0
-0.5546992156114054,-0.8320509480795582,0.6246950475544243,0.7808688094430304,0.0,1.0,0.0,0.0
6.123233995736766e-17,1.0,0.0,1.0,0.0,1.0,0.0,1.0
-0.9316278140955653,-0.36341383573485314,0.6246950475544243,0.7808688094430304,0.0,1.0,0.0,0.0
6.123233995736766e-17,1.0,0.0,1.0,0.0,1.0,0.0,0.0
-0.9715904412543287,0.23666857514934012,0.6246950475544243,0.7808688094430304,0.0,1.0,0.0,0.0
6.123233995736766e-17,1.0,0.0,1.0,0.0,1.0,0.0,1.0
-0.6601327782346885,0.7511489300399432,0.6246950475544243,0.7808688094430304,0.0,1.0,0.0,0.0
6.123233995736766e-17,1.0,0.0,1.0,0.0,1.0,0.0,1.0
-0.10990778833190498,0.9939417880660765,0.6246950475544243,0.7808688094430304,0.0,1.0,0.0,1.0
6.123233995736766e-17,1.0,0.0,1.0,0.0,1.0,0.0,1.0
6.123233995736766e-17,1.0,0.7071067811865475,0.7071067811865475,0.0,1.0,0.0,0.0
6.123233995736766e-17,1.0,0.0,0.0,0.0,1.0,0.0,0.0
0.573576436351046,0.8191520442889918,0.7071067811865475,0.7071067811865475,0.0,1.0,0.0,0.0
6.123233995736766e-17,1.0,0.0,1.0,0.0,1.0,0.0,0.0
0.9396926207859084,0.3420201433256687,0.7071067811865475,-0.7071067811865475,0.0,1.0,0.0,0.0
6.123233995736766e-17,1.0,0.0,1.0,0.0,1.0,0.0,1.0
0.9659258262890683,-0.2588190451025207,0.7071067811865475,-0.7071067811865475,0.0,1.0,1.0,-1.0
6.123233995736766e-17,1.0,0.0,1.0,0.0,1.0,0.0,0.0
0.7071067811865474,-0.7071067811865477,0.7071067811865475,-0.7071067811865475,0.0,1.0,1.0,-1.0
6.123233995736766e-17,1.0,0.24253562503633297,0.9701425001453319,0.0,1.0,0.0,1.0
0.7071067811865474,-0.7071067811865477,0.7071067811865476,-0.7071067811865476,0.0,1.0,0.0,0.0
6.123233995736766e-17,1.0,0.31622776601683794,0.9486832980505138,0.0,1.0,0.0,1.0
0.17364817766692997,-0.9848077530122081,0.7071067811865476,-0.7071067811865476,0.0,1.0,0.0,-1.0
6.123233995736766e-17,1.0,0.4472135954999579,0.8944271909999159,0.0,1.0,0.0,0.0
-1.8369701987210297e-16,-1.0,0.8320502943378437,-0.5547001962252291,0.0,1.0,0.0,0.0
0.573576436351046,0.8191520442889918,0.4472135954999579,0.8944271909999159,0.0,1.0,0.0,0.0
-0.5735764363510464,-0.8191520442889916,0.8320502943378437,-0.5547001962252291,0.0,1.0,0.0,0.0
0.9396926207859084,0.3420201433256687,1.0,0.0,0.0,1.0,1.0,0.0
-1.8369701987210297e-16,-1.0,0.8944271909999159,-0.4472135954999579,0.0,1.0,0.0,0.0
1.0,0.0,1.0,0.0,0.0,1.0,1.0,0.0
0.573576436351046,-0.8191520442889918,0.8944271909999159,-0.4472135954999579,0.0,1.0,1.0,-1.0
1.0,0.0,1.0,0.0,0.0,1.0,1.0,0.0
0.7071067811865474,-0.7071067811865477,0.9486832980505138,-0.31622776601683794,0.0,1.0,0.0,0.0
1.0,0.0,1.0,0.0,0.0,1.0,1.0,0.0
0.984807753012208,-0.1736481776669304,0.9486832980505138,-0.31622776601683794,0.0,1.0,1.0,0.0
1.0,0.0,1.0,0.0,0.0,1.0,1.0,0.0
1.0,0.0,0.8944271909999159,-0.4472135954999579,0.0,1.0,0.0,0.0
1.0,0.0,1.0,0.0,0.0,1.0,0.0,0.0
0.8191520442889916,-0.5735764363510465,0.8944271909999159,-0.4472135954999579,0.0,1.0,1.0,-1.0
1.0,0.0,1.0,0.0,0.0,1.0,0.0,0.0
0.7071067811865474,-0.7071067811865477,1.0,0.0,0.0,1.0,0.0,0.0
0.8191520442889918,0.573576436351046,-0.39391929857916763,0.9191450300180578,0.0,1.0,0.0,0.0
0.984807753012208,-0.1736481776669304,0.9805806756909202,0.19611613513818404,0.0,1.0,1.0,0.0
0.3420201433256688,0.9396926207859083,-0.39391929857916763,0.9191450300180578,0.0,1.0,0.0,0.0
1.0,0.0,0.9701425001453319,0.24253562503633297,0.0,1.0,1.0,0.0
-0.25881904510252085,0.9659258262890683,-0.39391929857916763,0.9191450300180578,0.0,1.0,-1.0,1.0
1.0,0.0,0.9805806756909202,0.19611613513818404,0.0,1.0,1.0,0.0
-0.7071067811865475,0.7071067811865476,-0.31622776601683794,0.9486832980505138,0.0,1.0,-1.0,1.0
1.0,0.0,0.9701425001453319,0.24253562503633297,0.0,1.0,1.0,0.0
-0.7071067811865475,0.7071067811865476,-0.19611613513818404,0.9805806756909202,0.0,1.0,0.0,0.0
1.0,0.0,0.9486832980505138,0.31622776601683794,0.0,1.0,0.0,0.0
-0.1736481776669303,0.984807753012208,-0.19611613513818404,0.9805806756909202,0.0,1.0,0.0,0.0
0.8191520442889916,-0.5735764363510465,0.9486832980505138,0.31622776601683794,0.0,1.0,0.0,0.0
0.42261826174069944,0.9063077870366499,-0.19611613513818404,0.9805806756909202,0.0,1.0,0.0,0.0
0.342020143325669,-0.9396926207859083,0.9486832980505138,0.31622776601683794,0.0,1.0,0.0,0.0
0.8660254037844387,0.49999999999999994,-0.19611613513818404,0.9805806756909202,0.0,1.0,0.0,0.0
-0.25881904510252063,-0.9659258262890683,0.9486832980505138,0.31622776601683794,0.0,1.0,0.0,0.0
0.9961946980917455,-0.08715574274765832,-0.19611613513818404,0.9805806756909202,0.0,1.0,0.0,0.0
-0.766044443118978,-0.6427876096865393,0.9486832980505138,0.31622776601683794,0.0,1.0,0.0,0.0
0.7660444431189778,-0.6427876096865396,-0.19611613513818404,0.9805806756909202,0.0,1.0,0.0,0.0
-0.9961946980917455,-0.08715574274765794,0.9486832980505138,0.31622776601683794,0.0,1.0,-3.0,0.0
0.7071067811865474,-0.7071067811865477,-0.19611613513818404,0.9805806756909202,0.0,1.0,2.0,-2.0
-1.0,1.2246467991473532e-16,0.9863939238321437,0.1643989873053573,0.0,1.0,0.0,0.0
0.7071067811865474,-0.7071067811865477,-0.39391929857916763,0.9191450300180578,0.0,1.0,0.0,0.0
-0.8191520442889919,0.5735764363510459,0.9863939238321437,0.1643989873053573,0.0,1.0,0.0,0.0
0.17364817766692997,-0.9848077530122081,-0.39391929857916763,0.9191450300180578,0.0,1.0,0.0,0.0
-0.3420201433256687,0.9396926207859084,0.9863939238321437,0.1643989873053573,0.0,1.0,0.0,0.0
-0.42261826174069916,-0.90630778703665,-0.39391929857916763,0.9191450300180578,0.0,1.0,0.0,0.0
0.25881904510252074,0.9659258262890683,0.9863939238321437,0.1643989873053573,0.0,1.0,0.0,0.0
-0.8660254037844386,-0.5000000000000001,-0.39391929857916763,0.9191450300180578,0.0,1.0,0.0,0.0
0.766044443118978,0.6427876096865393,0.9863939238321437,0.1643989873053573,0.0,1.0,0.0,0.0
-0.9961946980917455,0.0871557427476582,-0.39391929857916763,0.9191450300180578,0.0,1.0,0.0,0.0
0.9961946980917455,0.08715574274765817,0.9863939238321437,0.1643989873053573,0.0,1.0,1.0,0.0
-0.7660444431189779,0.6427876096865395,-0.39391929857916763,0.9191450300180578,0.0,1.0,-1.0,1.0
1.0,0.0,0.9805806756909202,0.19611613513818404,0.0,1.0,1.0,0.0
-0.7071067811865475,0.7071067811865476,-0.31622776601683794,0.9486832980505138,0.0,1.0,-1.0,1.0
1.0,0.0,0.9701425001453319,0.24253562503633297,0.0,1.0,1.0,0.0
-0.7071067811865475,0.7071067811865476,-0.19611613513818404,0.9805806756909202,0.0,1.0,-1.0,1.0
1.0,0.0,0.9486832980505138,0.31622776601683794,0.0,1.0,1.0,0.0
-0.7071067811865475,0.7071067811865476,0.0,1.0,0.0,1.0,0.0,0.0
1.0,0.0,0.8944271909999159,0.4472135954999579,0.0,1.0,0.0,0.0
-0.1736481776669303,0.984807753012208,0.0,1.0,0.0,1.0,0.0,0.0
0.8191520442889916,-0.5735764363510465,0.8944271909999159,0.4472135954999579,0.0,1.0,0.0,0.0
6.123233995736766e-17,1.0,0.0,1.0,0.0,1.0,0.0,1.0
1.0,0.0,-0.1643989873053573,0.9863939238321437,0.0,1.0,0.0,0.0
6.123233995736766e-17,1.0,0.0,1.0,0.0,1.0,0.0,1.0
0.8191520442889918,0.573576436351046,-0.1643989873053573,0.9863939238321437,0.0,1.0,0.0,0.0
6.123233995736766e-17,1.0,0.0,1.0,0.0,1.0,0.0,1.0
0.3420201433256688,0.9396926207859083,-0.1643989873053573,0.9863939238321437,0.0,1.0,0.0,0.0
6.123233995736766e-17,1.0,0.0,1.0,0.0,1.0,0.0,1.0
-0.25881904510252085,0.9659258262890683,-0.1643989873053573,0.9863939238321437,0.0,1.0,-1.0,1.0
6.123233995736766e-17,1.0,0.0,1.0,0.0,1.0,0.0,1.0
-0.7071067811865475,0.7071067811865476,0.0,1.0,0.0,1.0,0.0,0.0
6.123233995736766e-17,1.0,0.0,0.0,0.0,1.0,0.0,1.0
-0.1736481776669303,0.984807753012208,0.0,1.0,0.0,1.0,0.0,0.0
6.123233995736766e-17,1.0,0.0,1.0,0.0,1.0,0.0,1.0
0.42261826174069944,0.9063077870366499,1.0,0.0,0.0,1.0,0.0,0.0
6.123233995736766e-17,1.0,0.0,1.0,0.0,1.0,0.0,1.0
0.8660254037844387,0.49999999999999994,1.0,0.0,0.0,1.0,1.0,0.0
6.123233995736766e-17,1.0,0.0,1.0,0.0,1.0,0.0,0.0
1.0,0.0,1.0,0.0,0.0,1.0,1.0,0.0
0.573576436351046,0.8191520442889918,0.9615239476408232,-0.27472112789737807,0.0,1.0,0.0,0.0
1.0,0.0,1.0,0.0,0.0,1.0,0.0,0.0
0.9396926207859084,0.3420201433256687,0.9615239476408232,-0.27472112789737807,0.0,1.0,0.0,0.0
1.0,0.0,1.0,0.0,0.0,1.0,1.0,0.0
0.9659258262890683,-0.2588190451025207,0.9615239476408232,-0.27472112789737807,0.0,1.0,1.0,-1.0
1.0,0.0,1.0,0.0,0.0,1.0,1.0,0.0
0.7071067811865474,-0.7071067811865477,0.9863939238321437,-0.1643989873053573,0.0,1.0,0.0,0.0
1.0,0.0,1.0,0.0,0.0,1.0,0.0,0.0
0.984807753012208,-0.1736481776669304,0.9863939238321437,-0.1643989873053573,0.0,1.0,1.0,0.0
1.0,0.0,1.0,0.0,0.0,1.0,1.0,0.0
1.0,0.0,0.9805806756909202,-0.19611613513818404,0.0,1.0,0.0,0.0
1.0,0.0,1.0,0.0,0.0,1.0,1.0,0.0
0.8191520442889916,-0.5735764363510465,0.9805806756909202,-0.19611613513818404,0.0,1.0,1.0,-1.0
1.0,0.0,1.0,0.0,0.0,1.0,1.0,0.0
0.7071067811865474,-0.7071067811865477,1.0,0.0,0.0,1.0,0.0,0.0
1.0,0.0,0.0,0.0,0.0,1.0,1.0,0.0
0.17364817766692997,-0.9848077530122081,-0.39391929857916763,0.9191450300180578,0.0,1.0,0.0,0.0
1.0,0.0,1.0,0.0,0.0,1.0,1.0,0.0
-0.42261826174069916,-0.90630778703665,-0.39391929857916763,0.9191450300180578,0.0,1.0,0.0,0.0
1.0,0.0,1.0,0.0,0.0,1.0,0.0,0.0
-0.8660254037844386,-0.5000000000000001,-0.39391929857916763,0.9191450300180578,0.0,1.0,0.0,0.0
0.8191520442889916,-0.5735764363510465,1.0,0.0,0.0,1.0,0.0,0.0
-0.9961946980917455,0.0871557427476582,-0.39391929857916763,0.9191450300180578,0.0,1.0,0.0,0.0
0.342020143325669,-0.9396926207859083,1.0,0.0,0.0,1.0,0.0,0.0
-0.7660444431189779,0.6427876096865395,-0.39391929857916763,0.9191450300180578,0.0,1.0,-1.0,1.0
-0.25881904510252063,-0.9659258262890683,1.0,0.0,0.0,1.0,0.0,0.0
-0.7071067811865475,0.7071067811865476,-0.31622776601683794,0.9486832980505138,0.0,1.0,-1.0,1.0
-0.766044443118978,-0.6427876096865393,1.0,0.0,0.0,1.0,0.0,0.0
-0.7071067811865475,0.7071067811865476,-0.19611613513818404,0.9805806756909202,0.0,1.0,-1.0,1.0
-0.9961946980917455,-0.08715574274765794,1.0,0.0,0.0,1.0,-2.0,0.0
-0.7071067811865475,0.7071067811865476,0.0,1.0,0.0,1.0,0.0,0.0
-1.0,1.2246467991473532e-16,1.0,0.0,0.0,1.0,0.0,0.0
-0.1736481776669303,0.984807753012208,0.0,1.0,0.0,1.0,0.0,1.0
-0.8191520442889919,0.5735764363510459,1.0,0.0,0.0,1.0,0.0,0.0
6.123233995736766e-17,1.0,0.0,1.0,0.0,1.0,0.0,0.0
-0.3420201433256687,0.9396926207859084,1.0,0.0,0.0,1.0,0.0,0.0
6.123233995736766e-17,1.0,0.0,1.0,0.0,1.0,0.0,1.0
0.25881904510252074,0.9659258262890683,1.0,0.0,0.0,1.0,0.0,0.0
6.123233995736766e-17,1.0,0.0,1.0,0.0,1.0,0.0,1.0
0.766044443118978,0.6427876096865393,1.0,0.0,0.0,1.0,0.0,0.0
6.123233995736766e-17,1.0,0.0,1.0,0.0,1.0,0.0,1.0
0.9961946980917455,0.08715574274765817,0.3713906763541037,0.9284766908852594,0.0,1.0,1.0,0.0
6.123233995736766e-17,1.0,0.0,1.0,0.0,1.0,0.0,1.0
1.0,0.0,0.19611613513818404,0.9805806756909202,0.0,1.0,0.0,0.0
6.123233995736766e-17,1.0,0.0,1.0,0.0,1.0,0.0,1.0
0.8191520442889918,0.573576436351046,0.19611613513818404,0.9805806756909202,0.0,1.0,0.0,0.0
6.123233995736766e-17,1.0,0.0,1.0,0.0,1.0,0.0,0.0
0.7071067811865476,0.7071067811865475,0.19611613513818404,0.9805806756909202,0.0,1.0,0.0,0.0
6.123233995736766e-17,1.0,0.0,1.0,0.0,1.0,0.0,1.0
0.7071067811865476,0.7071067811865475,0.19611613513818404,0.9805806756909202,0.0,1.0,1.0,1.0
6.123233995736766e-17,1.0,0.0,0.0,0.0,1.0,0.0,0.0
0.7071067811865476,0.7071067811865475,0.0,1.0,0.0,1.0,0.0,0.0
0.573576436351046,0.8191520442889918,0.9863939238321437,-0.1643989873053573,0.0,1.0,0.0,0.0
0.17364817766693041,0.984807753012208,0.0,1.0,0.0,1.0,0.0,1.0
0.9396926207859084,0.3420201433256687,0.9863939238321437,-0.1643989873053573,0.0,1.0,0.0,0.0
6.123233995736766e-17,1.0,0.0,1.0,0.0,1.0,0.0,1.0
0.9659258262890683,-0.2588190451025207,0.9863939238321437,-0.1643989873053573,0.0,1.0,1.0,-1.0
6.123233995736766e-17,1.0,0.0,1.0,0.0,1.0,0.0,0.0
0.7071067811865474,-0.7071067811865477,1.0,0.0,0.0,1.0,0.0,0.0
6.123233995736766e-17,1.0,0.0,1.0,0.0,1.0,0.0,1.0
0.984807753012208,-0.1736481776669304,1.0,0.0,0.0,1.0,1.0,0.0
6.123233995736766e-17,1.0,0.0,1.0,0.0,1.0,0.0,1.0
1.0,0.0,1.0,0.0,0.0,1.0,1.0,0.0
6.123233995736766e-17,1.0,0.0,1.0,0.0,1.0,0.0,1.0
1.0,0.0,1.0,0.0,0.0,1.0,1.0,0.0
6.123233995736766e-17,1.0,0.0,1.0,0.0,1.0,0.0,1.0
1.0,0.0,1.0,0.0,0.0,1.0,0.0,0.0
6.123233995736766e-17,1.0,0.0,1.0,0.0,1.0,0.0,1.0
1.0,0.0,1.0,0.0,0.0,1.0,0.0,0.0
6.123233995736766e-17,1.0,0.0,0.0,0.0,1.0,0.0,0.0
1.0,0.0,1.0,0.0,0.0,1.0,1.0,0.0
0.573576436351046,0.8191520442889918,0.9863939238321437,-0.1643989873053573,0.0,1.0,0.0,0.0
1.0,0.0,1.0,0.0,0.0,1.0,0.0,0.0
0.9396926207859084,0.3420201433256687,0.9863939238321437,-0.1643989873053573,0.0,1.0,0.0,0.0
0.8191520442889918,0.573576436351046,-0.6401843996644799,0.7682212795973759,0.0,1.0,0.0,0.0
0.9659258262890683,-0.2588190451025207,0.9863939238321437,-0.1643989873053573,0.0,1.0,1.0,-1.0
0.3420201433256688,0.9396926207859083,-0.6401843996644799,0.7682212795973759,0.0,1.0,0.0,0.0
0.7071067811865474,-0.7071067811865477,1.0,0.0,0.0,1.0,0.0,0.0
-0.25881904510252085,0.9659258262890683,-0.6401843996644799,0.7682212795973759,0.0,1.0,0.0,0.0
0.984807753012208,-0.1736481776669304,1.0,0.0,0.0,1.0,0.0,0.0
-0.7071067811865475,0.7071067811865476,-0.6401843996644799,0.7682212795973759,0.0,1.0,-1.0,1.0
0.7071067811865474,-0.7071067811865477,0.5812381937190965,-0.813733471206735,0.0,1.0,0.0,0.0
-0.7071067811865475,0.7071067811865476,-0.6246950475544243,0.7808688094430304,0.0,1.0,0.0,0.0
0.17364817766692997,-0.9848077530122081,0.5812381937190965,-0.813733471206735,0.0,1.0,0.0,-1.0
-0.984807753012208,0.17364817766693028,-0.6246950475544243,0.7808688094430304,0.0,1.0,-1.0,0.0
-1.8369701987210297e-16,-1.0,0.6401843996644799,-0.7682212795973759,0.0,1.0,0.0,-1.0
-1.0,1.2246467991473532e-16,-0.5144957554275265,0.8574929257125441,0.0,1.0,0.0,0.0
-1.8369701987210297e-16,-1.0,0.7071067811865475,-0.7071067811865475,0.0,1.0,0.0,0.0
-0.8191520442889919,0.5735764363510459,-0.5144957554275265,0.8574929257125441,0.0,1.0,-1.0,1.0
0.573576436351046,-0.8191520442889918,0.7071067811865475,-0.7071067811865475,0.0,1.0,1.0,-1.0
-0.7071067811865475,0.7071067811865476,-0.4472135954999579,0.8944271909999159,0.0,1.0,0.0,0.0
0.7071067811865474,-0.7071067811865477,0.7071067811865475,-0.7071067811865475,0.0,1.0,0.0,0.0
-0.984807753012208,0.17364817766693028,-0.4472135954999579,0.8944271909999159,0.0,1.0,-1.0,0.0
0.17364817766692997,-0.9848077530122081,0.7071067811865475,-0.7071067811865475,0.0,1.0,0.0,-1.0
-1.0,1.2246467991473532e-16,-0.24253562503633297,0.9701425001453319,0.0,1.0,0.0,0.0
-1.8369701987210297e-16,-1.0,0.8,-0.6,0.0,1.0,0.0,-1.0
-0.8191520442889919,0.5735764363510459,-0.24253562503633297,0.9701425001453319,0.0,1.0,-1.0,1.0
-1.8369701987210297e-16,-1.0,0.8944271909999159,-0.4472135954999579,0.0,1.0,0.0,-1.0
-0.7071067811865475,0.7071067811865476,0.0,1.0,0.0,1.0,0.0,0.0
-1.8369701987210297e-16,-1.0,0.9701425001453319,-0.24253562503633297,0.0,1.0,0.0,0.0
-0.1736481776669303,0.984807753012208,0.0,1.0,0.0,1.0,0.0,1.0
0.573576436351046,-0.8191520442889918,0.9701425001453319,-0.24253562503633297,0.0,1.0,1.0,-1.0
6.123233995736766e-17,1.0,0.0,1.0,0.0,1.0,0.0,1.0
0.7071067811865474,-0.7071067811865477,1.0,0.0,0.0,1.0,0.0,0.0
6.123233995736766e-17,1.0,0.0,1.0,0.0,1.0,0.0,1.0
0.984807753012208,-0.1736481776669304,1.0,0.0,0.0,1.0,1.0,0.0
6.123233995736766e-17,1.0,0.0,1.0,0.0,1.0,0.0,0.0
1.0,0.0,1.0,0.0,0.0,1.0,1.0,0.0
6.123233995736766e-17,1.0,0.0,1.0,0.0,1.0,0.0,1.0
1.0,0.0,1.0,0.0,0.0,1.0,1.0,0.0
6.123233995736766e-17,1.0,0.0,1.0,0.0,1.0,0.0,1.0
1.0,0.0,0.0,0.0,0.0,1.0,1.0,0.0
6.123233995736766e-17,1.0,0.0,1.0,0.0,1.0,0.0,0.0
1.0,0.0,1.0,0.0,0.0,1.0,0.0,0.0
6.123233995736766e-17,1.0,0.0,1.0,0.0,1.0,0.0,1.0
1.0,0.0,1.0,0.0,0.0,1.0,1.0,0.0
6.123233995736766e-17,1.0,0.0,1.0,0.0,1.0,0.0,1.0
1.0,0.0,1.0,0.0,0.0,1.0,1.0,0.0
6.123233995736766e-17,1.0,0.0,1.0,0.0,1.0,0.0,0.0
1.0,0.0,1.0,0.0,0.0,1.0,0.0,0.0
0.573576436351046,0.8191520442889918,0.0,1.0,0.0,1.0,0.0,0.0
0.8191520442889916,-0.5735764363510465,1.0,0.0,0.0,1.0,0.0,0.0
0.9396926207859084,0.3420201433256687,0.0,1.0,0.0,1.0,0.0,0.0
0.342020143325669,-0.9396926207859083,1.0,0.0,0.0,1.0,0.0,0.0
0.9659258262890683,-0.2588190451025207,0.0,1.0,0.0,1.0,0.0,0.0
-0.25881904510252063,-0.9659258262890683,1.0,0.0,0.0,1.0,0.0,0.0
0.6427876096865393,-0.7660444431189781,0.0,1.0,0.0,1.0,0.0,0.0
-0.766044443118978,-0.6427876096865393,1.0,0.0,0.0,1.0,0.0,0.0
0.08715574274765789,-0.9961946980917455,0.0,1.0,0.0,1.0,0.0,-2.0
-0.9961946980917455,-0.08715574274765794,1.0,0.0,0.0,1.0,-2.0,0.0
-1.8369701987210297e-16,-1.0,0.0,1.0,0.0,1.0,0.0,0.0
-1.0,1.2246467991473532e-16,1.0,0.0,0.0,1.0,0.0,0.0
-0.5735764363510464,-0.8191520442889916,0.0,1.0,0.0,1.0,0.0,0.0
-0.8191520442889919,0.5735764363510459,1.0,0.0,0.0,1.0,0.0,0.0
-0.9396926207859084,-0.34202014332566866,0.0,1.0,0.0,1.0,0.0,0.0
-0.3420201433256687,0.9396926207859084,1.0,0.0,0.0,1.0,0.0,0.0
-0.9659258262890682,0.258819045102521,0.0,1.0,0.0,1.0,0.0,0.0
0.25881904510252074,0.9659258262890683,1.0,0.0,0.0,1.0,0.0,0.0
-0.6427876096865394,0.766044443118978,0.0,1.0,0.0,1.0,0.0,0.0
0.766044443118978,0.6427876096865393,1.0,0.0,0.0,1.0,0.0,0.0
-0.08715574274765824,0.9961946980917455,0.0,1.0,0.0,1.0,0.0,1.0
0.9961946980917455,0.08715574274765817,1.0,0.0,0.0,1.0,1.0,0.0
6.123233995736766e-17,1.0,0.0,1.0,0.0,1.0,0.0,0.0
1.0,0.0,1.0,0.0,0.0,1.0,1.0,0.0
6.123233995736766e-17,1.0,0.0,1.0,0.0,1.0,0.0,1.0
1.0,0.0,1.0,0.0,0.0,1.0,0.0,0.0
6.123233995736766e-17,1.0,0.0,1.0,0.0,1.0,0.0,1.0
1.0,0.0,1.0,0.0,0.0,1.0,1.0,0.0
6.123233995736766e-17,1.0,0.0,1.0,0.0,1.0,0.0,0.0
1.0,0.0,1.0,0.0,0.0,1.0,1.0,0.0
6.123233995736766e-17,1.0,0.0,1.0,0.0,1.0,0.0,1.0
1.0,0.0,1.0,0.0,0.0,1.0,1.0,0.0
6.123233995736766e-17,1.0,0.0,1.0,0.0,1.0,0.0,0.0
1.0,0.0,0.0,0.0,0.0,1.0,0.0,0.0
0.573576436351046,0.8191520442889918,0.9701425001453319,-0.24253562503633297,0.0,1.0,0.0,0.0
1.0,0.0,1.0,0.0,0.0,1.0,1.0,0.0
0.9396926207859084,0.3420201433256687,0.9701425001453319,-0.24253562503633297,0.0,1.0,0.0,0.0
1.0,0.0,1.0,0.0,0.0,1.0,1.0,0.0
0.9659258262890683,-0.2588190451025207,0.9701425001453319,-0.24253562503633297,0.0,1.0,1.0,-1.0
1.0,0.0,1.0,0.0,0.0,1.0,0.0,0.0
0.7071067811865474,-0.7071067811865477,0.9899494936611665,-0.1414213562373095,0.0,1.0,0.0,0.0
1.0,0.0,1.0,0.0,0.0,1.0,1.0,0.0
0.984807753012208,-0.1736481776669304,0.9899494936611665,-0.1414213562373095,0.0,1.0,1.0,0.0
1.0,0.0,1.0,0.0,0.0,1.0,0.0,0.0
1.0,0.0,0.9863939238321437,-0.1643989873053573,0.0,1.0,0.0,0.0
1.0,0.0,1.0,0.0,0.0,1.0,0.0,0.0
0.8191520442889916,-0.5735764363510465,0.9899494936611665,-0.1414213562373095,0.0,1.0,1.0,-1.0
1.0,0.0,1.0,0.0,0.0,1.0,1.0,0.0
0.7071067811865474,-0.7071067811865477,1.0,0.0,0.0,1.0,0.0,0.0
1.0,0.0,1.0,0.0,0.0,1.0,1.0,0.0
0.17364817766692997,-0.9848077530122081,-0.39391929857916763,0.9191450300180578,0.0,1.0,0.0,0.0
1.0,0.0,1.0,0.0,0.0,1.0,0.0,0.0
-0.42261826174069916,-0.90630778703665,-0.39391929857916763,0.9191450300180578,0.0,1.0,0.0,0.0
1.0,0.0,1.0,0.0,0.0,1.0,1.0,0.0
-0.8660254037844386,-0.5000000000000001,-0.39391929857916763,0.9191450300180578,0.0,1.0,0.0,0.0
1.0,0.0,1.0,0.0,0.0,1.0,1.0,0.0
-0.9961946980917455,0.0871557427476582,-0.39391929857916763,0.9191450300180578,0.0,1.0,0.0,0.0
1.0,0.0,1.0,0.0,0.0,1.0,1.0,0.0
-0.7660444431189779,0.6427876096865395,-0.39391929857916763,0.9191450300180578,0.0,1.0,-1.0,1.0
1.0,0.0,1.0,0.0,0.0,1.0,0.0,0.0
-0.7071067811865475,0.7071067811865476,-0.31622776601683794,0.9486832980505138,0.0,1.0,0.0,0.0
0.8191520442889918,0.573576436351046,-0.27472112789737807,0.9615239476408232,0.0,1.0,0.0,0.0
-0.984807753012208,0.17364817766693028,-0.31622776601683794,0.9486832980505138,0.0,1.0,-1.0,0.0
0.3420201433256688,0.9396926207859083,-0.27472112789737807,0.9615239476408232,0.0,1.0,0.0,0.0
-1.0,1.2246467991473532e-16,-0.1643989873053573,0.9863939238321437,0.0,1.0,0.0,0.0
-0.25881904510252085,0.9659258262890683,-0.27472112789737807,0.9615239476408232,0.0,1.0,0.0,0.0
-0.8191520442889919,0.5735764363510459,-0.1643989873053573,0.9863939238321437,0.0,1.0,-1.0,1.0
-0.7071067811865475,0.7071067811865476,-0.27472112789737807,0.9615239476408232,0.0,1.0,-1.0,1.0
-0.7071067811865475,0.7071067811865476,0.0,1.0,0.0,1.0,0.0,0.0
-0.7071067811865475,0.7071067811865476,-0.1643989873053573,0.9863939238321437,0.0,1.0,-1.0,1.0
-0.1736481776669303,0.984807753012208,0.0,1.0,0.0,1.0,0.0,0.0
-0.7071067811865475,0.7071067811865476,0.0,1.0,0.0,1.0,0.0,0.0
6.123233995736766e-17,1.0,0.0,1.0,0.0,1.0,0.0,1.0
-0.1736481776669303,0.984807753012208,0.0,1.0,0.0,1.0,0.0,1.0
6.123233995736766e-17,1.0,0.0,1.0,0.0,1.0,0.0,1.0
6.123233995736766e-17,1.0,0.0,1.0,0.0,1.0,0.0,0.0
